Order : buyer,360,384,[40.75183597144248;-12.269385859090697]
Order : lmp,360,384,[-357.94239109866453;13.309131598420787]
Order : lmp,360,384,[-158.3786634328152;19.146286367167516]
Order : lmp,360,384,[-120.48590737194655;25.366532695676494]
Order : lmp,360,384,[-101.69405353113147;31.323919816746137]
Order : lmp,360,384,[-89.68220643883397;37.24810513301245]
Order : lmp,360,384,[-81.0312974852743;43.45034551800871]
Order : lmp,360,384,[-30.281625830379063;52.09386515813346]
Order : lmp,360,384,[-29.570702395160083;63.92065110910752]
Order : lmp,360,384,[-28.874714626157;76.17713871579016]
Order : lmp,360,384,[-28.139975794259712;88.16670208588779]
Order : lmp,360,384,[-27.275735383636704;100.38853420349227]
Order : lmp,360,384,[-26.796701638110214;112.16922520881079]
Order : lmp,360,384,[-25.829267462217025;124.48234017981335]
Order : lmp,360,384,[-25.146590169177585;136.35518966535906]
Order : lmp,360,384,[-24.711581157687064;148.18187982759466]
Order : lmp,360,384,[-24.151269846034527;160.1645039836755]
Order : lmp,360,384,[-24.010859452512097;172.35876239579954]
Order : lmp,360,384,[-23.284183920356565;184.39204397015797]
Order : lmp,360,384,[-23.01190003523084;196.36696245558127]
Order : lmp,360,384,[-22.53258563085684;208.50693490940026]
Order : lmp,360,384,[-22.159795920677272;220.4551465396216]
Order : lmp,360,384,[-21.765443444302637;232.41154303715368]
Order : lmp,360,384,[-21.373450502716647;244.5313987045759]
Order : lmp,360,384,[-21.142927572555557;256.2822842753788]
Order : lmp,360,384,[-20.764377177300627;268.29745805576897]
Order : lmp,360,384,[-20.49855112330806;280.50788848003987]
Order : lmp,360,384,[-20.15882314553761;292.71641875247843]
Order : lmp,360,384,[-19.986448855599228;304.7615024540949]
Order : lmp,360,384,[-19.601030239370647;316.4985332957313]
Order : lmp,360,384,[-19.36898870315874;328.6491425324082]
Order : lmp,360,384,[-19.126297682705683;340.6346294298438]
Order : lmp,360,384,[-18.813542253028583;352.74314075883325]
Order : miso,360,384,[673.7453686106045;null]
Order : default broker,360,384,[44.74537366448115;-12.809777402277241]
ClearedTrade : 361,384,[673.7453686106045;37.588703780095365]
Order : buyer,361,384,[25.324288830973945;-19.743891065894566]
Order : lmp,361,384,[-96.21191094077378;33.23340545790577]
Order : lmp,361,384,[-86.71488948844474;39.32145051146523]
Order : lmp,361,384,[-78.13064496731025;45.40484586719827]
Order : lmp,361,384,[-29.617832876041696;62.30294297424469]
Order : lmp,361,384,[-28.604162206383737;74.21991073181994]
Order : lmp,361,384,[-28.1705399114497;86.18468323139585]
Order : lmp,361,384,[-27.416066798211048;98.19298784351564]
Order : lmp,361,384,[-26.558559129602724;110.34555875145665]
Order : lmp,361,384,[-25.96482275834751;122.19721701359107]
Order : lmp,361,384,[-25.46930741770149;133.86136782331445]
Order : lmp,361,384,[-24.69533307837085;146.09577524897634]
Order : lmp,361,384,[-24.420601673027353;158.00072672644006]
Order : lmp,361,384,[-23.86480374049144;170.03975739521013]
Order : lmp,361,384,[-23.532387381508872;182.22769550723726]
Order : lmp,361,384,[-22.968301206541266;194.3125786528396]
Order : lmp,361,384,[-22.609769169921286;206.19156067211765]
Order : lmp,361,384,[-22.189753602781412;218.35181430493185]
Order : lmp,361,384,[-21.71596033895986;230.0853422669858]
Order : lmp,361,384,[-21.373065283897283;242.28520760490753]
Order : lmp,361,384,[-21.158271708819008;254.2205454950665]
Order : lmp,361,384,[-20.752948710345656;266.06447775643335]
Order : lmp,361,384,[-20.527185128872652;278.178844372634]
Order : lmp,361,384,[-20.215863975122303;290.18126192853987]
Order : lmp,361,384,[-19.82527425513493;302.19372019202865]
Order : lmp,361,384,[-19.756232818348334;314.0419782837225]
Order : lmp,361,384,[-19.41429660677498;326.1887887330229]
Order : lmp,361,384,[-19.0097226535787;338.0779789702194]
Order : lmp,361,384,[-19.174564721735216;350.04143729278127]
Order : miso,361,384,[-0.8035218758658402;null]
Order : default broker,361,384,[-4.969690000000001;27.777680884200155]
Order : Sample,361,384,[40.92903446437854;-2.0552106725401593]
ClearedTrade : 362,384,[0.8035218758658402;16.45324255491214]
Order : buyer,362,384,[94.48735124952609;-5.2917135826951]
Order : lmp,362,384,[-96.77049682071159;33.46385031296101]
Order : lmp,362,384,[-86.33256096416069;39.364424381862925]
Order : lmp,362,384,[-78.66558524725583;45.42614345962552]
Order : lmp,362,384,[-29.870447374455047;62.36171149085975]
Order : lmp,362,384,[-28.988097599409382;74.78321515564558]
Order : lmp,362,384,[-27.991439903957822;86.93411916042784]
Order : lmp,362,384,[-27.340598985890335;98.53996903634508]
Order : lmp,362,384,[-26.60484059948121;110.83416406345773]
Order : lmp,362,384,[-26.10488485924812;122.61715776504752]
Order : lmp,362,384,[-25.278806232271915;134.71126379394508]
Order : lmp,362,384,[-25.030064697979622;146.85085415803]
Order : lmp,362,384,[-24.220539518766287;158.6835156831007]
Order : lmp,362,384,[-23.62462327947377;170.8994285653244]
Order : lmp,362,384,[-23.402546909321625;182.78458216810753]
Order : lmp,362,384,[-23.05610697506396;194.6645284144676]
Order : lmp,362,384,[-22.74545257566645;206.7297864535622]
Order : lmp,362,384,[-22.338998223946103;218.90551832782626]
Order : lmp,362,384,[-21.86230609035817;230.91132005830275]
Order : lmp,362,384,[-21.406009024272183;242.89572133925674]
Order : lmp,362,384,[-21.157047278289816;254.9230842571795]
Order : lmp,362,384,[-20.730633879267405;266.902296702037]
Order : lmp,362,384,[-20.48056606611262;279.1591808941611]
Order : lmp,362,384,[-20.12837777235751;290.81893063416106]
Order : lmp,362,384,[-19.954535624897183;302.86084672310056]
Order : lmp,362,384,[-19.604435142666283;314.95959891645765]
Order : lmp,362,384,[-19.35790713686793;326.94698031441186]
Order : lmp,362,384,[-19.27144671492791;339.1143413828605]
Order : lmp,362,384,[-18.87219113973512;351.0337065939416]
Order : miso,362,384,[-1.0942432785021765;null]
Order : default broker,362,384,[-4.969690000000001;26.1398056561114]
Order : Sample,362,384,[40.92903446437854;-7.210952149528583]
ClearedTrade : 363,384,[1.0942432785021765;6.009126791273819]
Order : buyer,363,384,[36.013799090892796;-13.883567205394902]
Order : lmp,363,384,[-97.00550094062159;33.31832363926189]
Order : lmp,363,384,[-86.24181729139947;39.432464679290405]
Order : lmp,363,384,[-78.35661956734766;45.23534036438847]
Order : lmp,363,384,[-29.820470365818913;62.465078817341436]
Order : lmp,363,384,[-28.65988086466046;74.38811374415207]
Order : lmp,363,384,[-28.18190570426986;86.7765031636699]
Order : lmp,363,384,[-27.212010626695996;98.46094247512316]
Order : lmp,363,384,[-26.554914107833948;110.59690706463823]
Order : lmp,363,384,[-25.94510581557998;122.28880676514048]
Order : lmp,363,384,[-25.488821017844376;134.40168991756997]
Order : lmp,363,384,[-24.915499427474465;146.46309593524583]
Order : lmp,363,384,[-24.404696033541192;158.59026451042183]
Order : lmp,363,384,[-23.882800248455062;170.5710818527401]
Order : lmp,363,384,[-23.624931137084292;182.4779261237212]
Order : lmp,363,384,[-23.16831994001254;194.7567175581496]
Order : lmp,363,384,[-22.536210740910878;206.71101217047237]
Order : lmp,363,384,[-22.142975048726594;218.87247622582527]
Order : lmp,363,384,[-21.790780305134916;230.77532040303723]
Order : lmp,363,384,[-21.594303025182025;242.76376189322696]
Order : lmp,363,384,[-21.074926744196596;254.81752297548664]
Order : lmp,363,384,[-20.76795701128256;266.73225968160796]
Order : lmp,363,384,[-20.47658908354283;278.80959308235947]
Order : lmp,363,384,[-20.194406826028366;290.7967935489698]
Order : lmp,363,384,[-19.82964740859592;302.8579567971475]
Order : lmp,363,384,[-19.609282901277947;314.9464693153299]
Order : lmp,363,384,[-19.412869740398715;326.75362543114505]
Order : lmp,363,384,[-19.230236213320584;339.00258970278713]
Order : lmp,363,384,[-18.88381530430712;350.74898393589376]
Order : miso,363,384,[-1.0165020450305065;null]
Order : default broker,363,384,[-4.969690000000001;24.365854067330933]
Order : Sample,363,384,[39.83479118587636;-7.991494036277167]
ClearedTrade : 364,384,[1.0165020450305065;11.569639337829086]
Order : buyer,364,384,[131.37564718538988;-3.805880394974788]
Order : lmp,364,384,[-97.31187573617716;33.44146621832857]
Order : lmp,364,384,[-86.60899894332704;39.484598591680715]
Order : lmp,364,384,[-78.53305880489484;45.479367640751654]
Order : lmp,364,384,[-29.600754499838022;62.72635626338996]
Order : lmp,364,384,[-28.875119212229478;74.68462827655607]
Order : lmp,364,384,[-27.812888971163073;86.7407949838828]
Order : lmp,364,384,[-27.149154551167452;98.75705619192166]
Order : lmp,364,384,[-26.64781540820557;110.5120680984459]
Order : lmp,364,384,[-25.932488592072634;122.67505085481123]
Order : lmp,364,384,[-25.305717013298175;134.60107920006263]
Order : lmp,364,384,[-25.038461101552848;146.83179142357267]
Order : lmp,364,384,[-24.15970667193664;158.42363601316984]
Order : lmp,364,384,[-23.783295438686604;170.83613362470618]
Order : lmp,364,384,[-23.399115717848687;182.7537511089248]
Order : lmp,364,384,[-22.691872097762992;194.63643948429575]
Order : lmp,364,384,[-22.638415528093837;206.50415410623995]
Order : lmp,364,384,[-22.127367591703752;218.481462510068]
Order : lmp,364,384,[-21.737259487490174;230.3930223619973]
Order : lmp,364,384,[-21.524214653731057;242.6080897380408]
Order : lmp,364,384,[-21.026153428724417;254.60237263951328]
Order : lmp,364,384,[-20.88344080564039;266.57876652342543]
Order : lmp,364,384,[-20.433419479265762;278.5776486479525]
Order : lmp,364,384,[-20.216767395182757;290.55108421679824]
Order : lmp,364,384,[-20.02770518754386;302.61094705085384]
Order : lmp,364,384,[-19.607950069047256;314.6597520847052]
Order : lmp,364,384,[-19.40291302600108;326.511099365906]
Order : lmp,364,384,[-19.056371372708618;338.3617968063771]
Order : lmp,364,384,[-19.009132499594614;350.507521155541]
Order : miso,364,384,[-0.9663120199784316;null]
Order : default broker,364,384,[-4.969690000000001;23.334944688236817]
Order : Sample,364,384,[39.83479118587636;-10.402799710995916]
ClearedTrade : 365,384,[0.9663120199784316;8.668999759163263]
Order : buyer,365,384,[36.87145470374409;-13.560625801651046]
Order : lmp,365,384,[-96.9866615902161;33.47188186575345]
Order : lmp,365,384,[-85.92772297068976;39.470640844121746]
Order : lmp,365,384,[-78.90675999765662;45.3242266255539]
Order : lmp,365,384,[-29.717813635350623;62.56583625684385]
Order : lmp,365,384,[-28.760460257193245;74.38051347637702]
Order : lmp,365,384,[-27.84653259169491;86.54642659445555]
Order : lmp,365,384,[-27.26626543620105;98.4770956312919]
Order : lmp,365,384,[-26.819780221292422;110.39984419699984]
Order : lmp,365,384,[-26.065797751151713;122.61499892500018]
Order : lmp,365,384,[-25.39918886026449;134.4585752604294]
Order : lmp,365,384,[-24.83376366874378;146.5075741518458]
Order : lmp,365,384,[-24.326102115936553;158.65587934140578]
Order : lmp,365,384,[-23.567716324161246;170.61426874338062]
Order : lmp,365,384,[-23.307538116682892;182.51937789310725]
Order : lmp,365,384,[-22.93082485609089;194.49406311229848]
Order : lmp,365,384,[-22.3749178516063;206.20643146995096]
Order : lmp,365,384,[-22.052258821859393;218.28496880778727]
Order : lmp,365,384,[-21.753697466660824;230.16284087284248]
Order : lmp,365,384,[-21.465443794680283;242.11475600119763]
Order : lmp,365,384,[-21.0995020668634;254.22398438415175]
Order : lmp,365,384,[-20.608838047933034;266.2768680160166]
Order : lmp,365,384,[-20.434199371879966;278.2826822543884]
Order : lmp,365,384,[-20.37346155366347;289.99988646786693]
Order : lmp,365,384,[-19.980508581420636;302.10462766985376]
Order : lmp,365,384,[-19.517876493604305;314.1049193004413]
Order : lmp,365,384,[-19.283060367496596;326.2324532140445]
Order : lmp,365,384,[-19.174536157385518;338.0180207426021]
Order : lmp,365,384,[-18.897755488115116;349.9934166588573]
Order : miso,365,384,[-1.344262634325787;null]
Order : default broker,365,384,[-4.969690000000001;21.162579291472518]
Order : Sample,365,384,[38.86847916589793;-13.22975063047554]
ClearedTrade : 366,384,[1.344262634325787;11.300521501375872]
Order : buyer,366,384,[169.96370988284238;-2.941804461344453]
Order : lmp,366,384,[-96.9355882796011;33.42405994507178]
Order : lmp,366,384,[-86.6098569332491;39.480462548187255]
Order : lmp,366,384,[-79.27727443184386;45.5381163336697]
Order : lmp,366,384,[-29.573727816689413;63.22164573501501]
Order : lmp,366,384,[-28.83609461530019;74.88708828515033]
Order : lmp,366,384,[-27.946805761336883;86.93759117775483]
Order : lmp,366,384,[-27.49949562630316;98.85042250164875]
Order : lmp,366,384,[-26.599638761845544;111.06726325560454]
Order : lmp,366,384,[-26.065131883216466;122.91476814269843]
Order : lmp,366,384,[-25.28705786867345;135.03385327276217]
Order : lmp,366,384,[-24.793029944829364;146.9960584384848]
Order : lmp,366,384,[-24.124544737005362;158.98676996629885]
Order : lmp,366,384,[-23.88048073887982;170.94537972829062]
Order : lmp,366,384,[-23.44661408930068;182.93189237433867]
Order : lmp,366,384,[-23.026384940479705;194.82504509840558]
Order : lmp,366,384,[-22.59799949934989;206.9352263456656]
Order : lmp,366,384,[-22.3783222529285;219.12263018262666]
Order : lmp,366,384,[-21.56699028914155;231.19515084629813]
Order : lmp,366,384,[-21.47707536589084;243.04551193230984]
Order : lmp,366,384,[-21.220108197841068;255.20128761562583]
Order : lmp,366,384,[-20.724201215266767;267.36292042111927]
Order : lmp,366,384,[-20.56602460641971;279.0268957812763]
Order : lmp,366,384,[-19.99143606524625;291.1753023804476]
Order : lmp,366,384,[-19.885877355625983;303.15440290241514]
Order : lmp,366,384,[-19.57550519314331;315.17481835591013]
Order : lmp,366,384,[-19.308466021547353;327.0781945135954]
Order : lmp,366,384,[-18.97342285080992;339.0387762922019]
Order : lmp,366,384,[-18.962544074291444;350.70170555757284]
Order : miso,366,384,[-1.154898199424565;null]
Order : default broker,366,384,[-4.969690000000001;20.790586058751824]
Order : Sample,366,384,[38.86847916589793;-14.343854435900894]
ClearedTrade : 367,384,[1.154898199424565;11.953212029917413]
Order : buyer,367,384,[90.68515780781568;-5.513581407220174]
Order : lmp,367,384,[-97.00997895163036;33.32179937647009]
Order : lmp,367,384,[-86.04491525396682;39.33437813241842]
Order : lmp,367,384,[-79.17596743844375;45.34631188655192]
Order : lmp,367,384,[-29.630423587482404;62.78891925891717]
Order : lmp,367,384,[-28.673445621999736;74.75799077265451]
Order : lmp,367,384,[-28.014109476251633;86.55436455978794]
Order : lmp,367,384,[-27.36098143257163;98.61929175905898]
Order : lmp,367,384,[-26.447151146820442;110.63282057572937]
Order : lmp,367,384,[-25.86459838679707;122.56524683807243]
Order : lmp,367,384,[-25.406550204069333;134.68862406461096]
Order : lmp,367,384,[-24.995454188098577;146.61721137597104]
Order : lmp,367,384,[-24.31974459900201;158.67599635129878]
Order : lmp,367,384,[-23.84701910141954;170.61114942637138]
Order : lmp,367,384,[-23.44550785101166;182.4793110077118]
Order : lmp,367,384,[-22.747088337607483;194.487854723394]
Order : lmp,367,384,[-22.520815707604065;206.48948964352556]
Order : lmp,367,384,[-22.321856193097503;218.53281356932462]
Order : lmp,367,384,[-21.88874108956515;230.59228645982884]
Order : lmp,367,384,[-21.350288400857437;242.5934995839119]
Order : lmp,367,384,[-21.20935796187739;254.62961793756645]
Order : lmp,367,384,[-21.05779801146403;266.44650921654]
Order : lmp,367,384,[-20.361411340277307;278.81362603085324]
Order : lmp,367,384,[-20.080962613393524;290.74892882506674]
Order : lmp,367,384,[-19.998554816476148;302.6350693195093]
Order : lmp,367,384,[-19.615000190894406;314.81175941887113]
Order : lmp,367,384,[-19.46715036805492;326.92656527585495]
Order : lmp,367,384,[-19.019911321779105;338.8206186048145]
Order : lmp,367,384,[-18.80081102368108;350.524513700631]
Order : miso,367,384,[-1.7595209243788759;null]
Order : default broker,367,384,[-4.969690000000001;20.309675155690964]
Order : Sample,367,384,[45.72840006586491;-14.910422047632114]
ClearedTrade : 368,384,[1.7595209243788759;12.425351706360095]
Order : buyer,368,384,[36.662102838426655;-13.638061139142705]
Order : lmp,368,384,[-97.64382237277705;33.261937794839874]
Order : lmp,368,384,[-86.8648432370814;39.62778653619722]
Order : lmp,368,384,[-78.46765164951499;45.61896096545411]
Order : lmp,368,384,[-29.381553899207;62.94873436032743]
Order : lmp,368,384,[-28.697719147490407;74.93004476595799]
Order : lmp,368,384,[-27.996134877090416;86.72914190192165]
Order : lmp,368,384,[-27.289278950775028;98.68355564974502]
Order : lmp,368,384,[-26.521017729232746;110.94438166971227]
Order : lmp,368,384,[-26.026085232677314;122.74280324687675]
Order : lmp,368,384,[-25.513821718363523;134.83346640480806]
Order : lmp,368,384,[-24.90607565459383;146.8269119903369]
Order : lmp,368,384,[-24.44312598537361;158.96256245253971]
Order : lmp,368,384,[-23.807692830540198;171.0536972844614]
Order : lmp,368,384,[-23.1529315322006;183.10671608751528]
Order : lmp,368,384,[-22.927344753164714;195.05964849242562]
Order : lmp,368,384,[-22.433695914324918;206.91694285088005]
Order : lmp,368,384,[-21.950678145104046;218.72621158459074]
Order : lmp,368,384,[-21.815693084969137;230.87518249869427]
Order : lmp,368,384,[-21.352370361982945;242.8915901857663]
Order : lmp,368,384,[-21.100190772875013;254.83530705309428]
Order : lmp,368,384,[-20.86592164098241;266.60555288154757]
Order : lmp,368,384,[-20.587403263791238;278.58333862010915]
Order : lmp,368,384,[-20.332222541838416;290.79074785558817]
Order : lmp,368,384,[-19.854988992172878;302.89475945941444]
Order : lmp,368,384,[-19.749779330376445;314.953204500748]
Order : lmp,368,384,[-19.33166487943752;326.6869578540857]
Order : lmp,368,384,[-19.072587908502403;339.0183047026245]
Order : lmp,368,384,[-18.941950458446343;350.93607138794374]
Order : miso,368,384,[-1.3422297170484399;null]
Order : default broker,368,384,[-4.969690000000001;18.531888415439013]
Order : Sample,368,384,[43.968879141486035;-22.24531687517842]
ClearedTrade : 369,384,[6.311919717048441;19.458482836210965]
Order : buyer,369,384,[24.22486479748969;-20.63995007525543]
Order : lmp,369,384,[-96.88341339342216;33.439702828830185]
Order : lmp,369,384,[-86.08795557545925;39.333031437689755]
Order : lmp,369,384,[-78.76222950036514;45.51801364643815]
Order : lmp,369,384,[-29.584785595877033;62.562442766618446]
Order : lmp,369,384,[-28.70716770883984;74.36441989305952]
Order : lmp,369,384,[-28.05808229318233;86.39623011387472]
Order : lmp,369,384,[-27.58954932449404;98.17992458860253]
Order : lmp,369,384,[-26.48754405215355;110.60997406426381]
Order : lmp,369,384,[-26.1364462256913;122.66797747668407]
Order : lmp,369,384,[-25.575652419903165;134.54136057700586]
Order : lmp,369,384,[-24.883716902189033;146.7290264480222]
Order : lmp,369,384,[-24.37210845228137;158.5909300715415]
Order : lmp,369,384,[-23.995560487172774;170.82798378302888]
Order : lmp,369,384,[-23.335892594784923;182.65089627320398]
Order : lmp,369,384,[-22.95728348087954;194.6908877043182]
Order : lmp,369,384,[-22.60932206121211;206.6701825191588]
Order : lmp,369,384,[-22.140198335946025;218.58662845693192]
Order : lmp,369,384,[-21.943389823097668;230.95924887777238]
Order : lmp,369,384,[-21.335906379932652;242.96342849347616]
Order : lmp,369,384,[-21.08217377456194;254.92067985706515]
Order : lmp,369,384,[-20.776920424367702;266.9075519243008]
Order : lmp,369,384,[-20.476548298143964;278.61138074439975]
Order : lmp,369,384,[-20.235505125778715;290.8979037653171]
Order : lmp,369,384,[-19.94514723823461;302.87985423297397]
Order : lmp,369,384,[-19.48188308682884;314.9578401530081]
Order : lmp,369,384,[-19.41327518707478;326.7815776462507]
Order : lmp,369,384,[-19.244514480183156;338.70356114059797]
Order : lmp,369,384,[-19.01766219708122;350.76746691490575]
Order : miso,369,384,[-1.415416806499593;null]
Order : Sample,369,384,[37.656959424437595;-25.781452884350113]
ClearedTrade : 370,384,[1.415416806499593;21.48454407029176]
Order : buyer,370,384,[45.34806573030083;-11.025828598151392]
Order : lmp,370,384,[-96.59451734860555;33.56116568440703]
Order : lmp,370,384,[-86.1422334643245;39.6138849250743]
Order : lmp,370,384,[-79.03852591404917;45.33133444390335]
Order : lmp,370,384,[-29.54880525121867;62.502968185315645]
Order : lmp,370,384,[-28.786969296733385;74.49123801267186]
Order : lmp,370,384,[-28.16103326016421;86.54047360285111]
Order : lmp,370,384,[-27.38768343681746;98.40516356858973]
Order : lmp,370,384,[-26.676515341418064;110.44854353068577]
Order : lmp,370,384,[-25.867320942186502;122.43620401272628]
Order : lmp,370,384,[-25.469632724456794;134.4504723467156]
Order : lmp,370,384,[-24.96785811879567;146.5549303553387]
Order : lmp,370,384,[-24.479450781323823;158.69870850899497]
Order : lmp,370,384,[-23.884694396888168;170.68710650692077]
Order : lmp,370,384,[-23.19832007317921;182.98376264217313]
Order : lmp,370,384,[-23.20917670580853;194.70401426808465]
Order : lmp,370,384,[-22.53040884094165;206.86790928869584]
Order : lmp,370,384,[-22.107658561860518;218.76332383785498]
Order : lmp,370,384,[-21.90221678894798;230.6492806888519]
Order : lmp,370,384,[-21.473579677683357;242.8936584947129]
Order : lmp,370,384,[-21.07344862488161;254.82469405941842]
Order : lmp,370,384,[-20.937620001702495;266.6863574526144]
Order : lmp,370,384,[-20.455154077059184;278.974737536848]
Order : lmp,370,384,[-20.17304363868363;290.78858879444834]
Order : lmp,370,384,[-19.985267550847787;302.99210092859516]
Order : lmp,370,384,[-19.715109031694983;314.9082620863898]
Order : lmp,370,384,[-19.47478174841815;326.9457779633047]
Order : lmp,370,384,[-19.106147361872722;339.10441381967297]
Order : lmp,370,384,[-18.905444726505117;350.91690660771604]
Order : miso,370,384,[-1.3883769014829568;null]
Order : Sample,370,384,[36.241542617938;-27.6856620886823]
ClearedTrade : 371,384,[1.3883769014829568;23.07138507390192]
Order : buyer,371,384,[60.95141487702146;-8.203255018916694]
Order : lmp,371,384,[-96.81188712742019;33.53054818025338]
Order : lmp,371,384,[-85.79253380688884;39.32842230036055]
Order : lmp,371,384,[-78.60373427442111;45.18206333055598]
Order : lmp,371,384,[-29.797245267052052;62.37882474037566]
Order : lmp,371,384,[-28.577541735243255;74.13892177596415]
Order : lmp,371,384,[-28.173126583426015;86.16066812225712]
Order : lmp,371,384,[-27.18371444072385;98.41658384988968]
Order : lmp,371,384,[-26.748580948013082;110.20189307262035]
Order : lmp,371,384,[-26.15267894035514;122.37887952974485]
Order : lmp,371,384,[-25.47054072010758;134.37609474231013]
Order : lmp,371,384,[-24.841226371449157;146.50203556021236]
Order : lmp,371,384,[-24.41881941772436;158.16528138847883]
Order : lmp,371,384,[-24.132646662299514;170.44634108954767]
Order : lmp,371,384,[-23.32547177515387;182.71969979301997]
Order : lmp,371,384,[-23.063852572643246;194.41743557942675]
Order : lmp,371,384,[-22.67536364275979;206.60041853219113]
Order : lmp,371,384,[-22.187485364227758;218.85515138336828]
Order : lmp,371,384,[-21.692442216020655;230.67305190841176]
Order : lmp,371,384,[-21.428075421130842;242.67542170012598]
Order : lmp,371,384,[-21.18245298952389;254.58194171746374]
Order : lmp,371,384,[-20.74541641645492;266.75851938492525]
Order : lmp,371,384,[-20.569844900111313;278.608084066584]
Order : lmp,371,384,[-19.961050494777304;290.5389656352864]
Order : lmp,371,384,[-19.971041715183564;302.5237033638125]
Order : lmp,371,384,[-19.70448673483758;314.7154131527926]
Order : lmp,371,384,[-19.27010433041383;326.591431597884]
Order : lmp,371,384,[-19.247276955949065;338.5323760471763]
Order : lmp,371,384,[-18.904379608651798;350.7118104082916]
Order : miso,371,384,[-1.494524164604627;null]
Order : Sample,371,384,[34.853165716455045;-28.001622464641827]
ClearedTrade : 372,384,[1.494524164604627;23.334685387201525]
Order : buyer,372,384,[2256.6708230344548;-0.22156532308405977]
Order : lmp,372,384,[-97.92348827451583;33.22311816565687]
Order : lmp,372,384,[-86.17943199538757;39.562190774625606]
Order : lmp,372,384,[-78.74689051405593;45.488168391669205]
Order : lmp,372,384,[-29.44719014346926;62.829298507691355]
Order : lmp,372,384,[-29.05275160386221;74.97609747737398]
Order : lmp,372,384,[-27.76322832815213;87.03871332096509]
Order : lmp,372,384,[-27.23003956225921;98.87397547045406]
Order : lmp,372,384,[-26.68303744971866;110.81762087692981]
Order : lmp,372,384,[-26.09614347003902;122.98200015561427]
Order : lmp,372,384,[-25.445208800989516;134.86196999176846]
Order : lmp,372,384,[-24.721058973781666;146.91718343890395]
Order : lmp,372,384,[-24.25189867171157;158.98761323475566]
Order : lmp,372,384,[-23.937123167019344;170.9609916909661]
Order : lmp,372,384,[-23.401994258570188;182.93497152383313]
Order : lmp,372,384,[-22.90151859099288;194.9059907690844]
Order : lmp,372,384,[-22.5611553164608;206.85285838419622]
Order : lmp,372,384,[-22.125226975110888;219.07957088469018]
Order : lmp,372,384,[-21.89300045770985;230.86822022549288]
Order : lmp,372,384,[-21.438622550880744;243.03234005113197]
Order : lmp,372,384,[-21.20750053249419;254.89972565315497]
Order : lmp,372,384,[-20.665571052688794;267.20294361904365]
Order : lmp,372,384,[-20.684222047555426;279.01675796533743]
Order : lmp,372,384,[-20.14502581481833;291.2104540748919]
Order : lmp,372,384,[-19.799869834351043;303.26124545382567]
Order : lmp,372,384,[-19.62854565371484;315.0455848933981]
Order : lmp,372,384,[-19.17357398427078;327.1134480638346]
Order : lmp,372,384,[-19.050442545744936;338.8605395275702]
Order : lmp,372,384,[-18.952764931751968;350.86375357349567]
Order : miso,372,384,[-1.3401247062339507;null]
Order : Sample,372,384,[33.35864155185042;-33.13702014779095]
ClearedTrade : 373,384,[1.3401247062339507;27.61418345649246]
Order : buyer,373,384,[262.73037964396514;-1.9030916815846228]
Order : lmp,373,384,[-96.61615998266794;33.40909636007265]
Order : lmp,373,384,[-86.80029874403485;39.443853711095926]
Order : lmp,373,384,[-79.27019308733132;45.4518912118104]
Order : lmp,373,384,[-29.58505140174191;62.92318306591075]
Order : lmp,373,384,[-28.82454374334471;75.06951610277655]
Order : lmp,373,384,[-28.117885384819402;86.95974363445805]
Order : lmp,373,384,[-27.254170876359847;99.05316022910405]
Order : lmp,373,384,[-26.478482715537844;110.97456234024672]
Order : lmp,373,384,[-26.022558451689395;122.78037148467972]
Order : lmp,373,384,[-25.378109760435642;134.9419593262794]
Order : lmp,373,384,[-24.924582306582288;146.89087271762384]
Order : lmp,373,384,[-24.38631033071718;159.11792110145038]
Order : lmp,373,384,[-23.576740208057082;170.9095758861134]
Order : lmp,373,384,[-23.572228845261712;182.92200818512248]
Order : lmp,373,384,[-23.09882161913967;194.85272803384836]
Order : lmp,373,384,[-22.698691802086252;207.02578481442816]
Order : lmp,373,384,[-22.336574232682626;219.0401403199762]
Order : lmp,373,384,[-21.734268743639937;231.15041699591657]
Order : lmp,373,384,[-21.437797520716394;243.30925483508045]
Order : lmp,373,384,[-21.09389619915274;255.27350545961076]
Order : lmp,373,384,[-20.943834667789677;267.13975842331297]
Order : lmp,373,384,[-20.502756787905223;279.4698609243631]
Order : lmp,373,384,[-20.197290095346816;291.17851357501974]
Order : lmp,373,384,[-19.80478412103942;303.28165624138836]
Order : lmp,373,384,[-19.658069133220465;315.4657173409589]
Order : lmp,373,384,[-19.408550030654716;327.24023413946173]
Order : lmp,373,384,[-19.109301301991344;339.2792173259897]
Order : lmp,373,384,[-18.943952710606165;351.29338971710007]
Order : miso,373,384,[-0.8175144617964634;null]
Order : Sample,373,384,[32.8909587789498;-33.467501686841956]
ClearedTrade : 374,384,[32.8909587789498;33.438299023457304]
Order : buyer,374,384,[369.4608390965276;-1.3533234028880852]
Order : lmp,374,384,[-93.03694027018108;35.277781859799184]
Order : lmp,374,384,[-83.86981902791334;41.303297101702974]
Order : lmp,374,384,[-75.84460749152512;47.41204059988602]
Order : lmp,374,384,[-28.85737474084808;71.93498057115407]
Order : lmp,374,384,[-28.251788987943833;83.62312195246405]
Order : lmp,374,384,[-27.627325859507703;95.65752321256996]
Order : lmp,374,384,[-26.985888397883315;108.02253950996347]
Order : lmp,374,384,[-26.038475342202304;119.98366228971686]
Order : lmp,374,384,[-25.40546424283546;131.9756814914887]
Order : lmp,374,384,[-25.049188727844545;143.7532722480527]
Order : lmp,374,384,[-24.53860742962771;155.8347657699988]
Order : lmp,374,384,[-24.12344037984388;168.08404257532084]
Order : lmp,374,384,[-23.559939701548277;180.04326941678215]
Order : lmp,374,384,[-23.101655476661428;192.11771607904706]
Order : lmp,374,384,[-22.65431046550185;204.02366639681793]
Order : lmp,374,384,[-22.279478291321055;216.19323937254367]
Order : lmp,374,384,[-21.87066946542847;228.06337110990611]
Order : lmp,374,384,[-21.466313161619205;239.91834312261437]
Order : lmp,374,384,[-21.199246939046166;252.22977670557947]
Order : lmp,374,384,[-20.809073344690578;264.1515798734252]
Order : lmp,374,384,[-20.605130657988937;276.07177455358175]
Order : lmp,374,384,[-20.35615214711888;288.1919702459787]
Order : lmp,374,384,[-20.03967320282441;300.23307932819216]
Order : lmp,374,384,[-19.845219383276383;312.24826323129565]
Order : lmp,374,384,[-19.401400574945562;324.5407962167686]
Order : lmp,374,384,[-19.066145596725015;336.19246644739655]
Order : lmp,374,384,[-19.056341073144633;348.4488752098628]
Order : miso,374,384,[-0.8157938464405561;null]
ClearedTrade : 375,384,[0.8157938464405561;1.1277695024067378]
Order : buyer,375,384,[123.07192954921443;-4.062664832113957]
Order : lmp,375,384,[-92.79466343035708;35.110617493838525]
Order : lmp,375,384,[-83.92842520165203;41.452403755562706]
Order : lmp,375,384,[-76.38020775222789;47.26812873729922]
Order : lmp,375,384,[-28.82304924499473;71.946391020648]
Order : lmp,375,384,[-28.115292251379394;83.82241932032204]
Order : lmp,375,384,[-27.375475457770182;95.90604272563736]
Order : lmp,375,384,[-26.8918405844866;107.65683636414275]
Order : lmp,375,384,[-26.182972298218605;119.85648537034308]
Order : lmp,375,384,[-25.533545781817125;131.94024095141097]
Order : lmp,375,384,[-24.83999164137806;143.9049429488622]
Order : lmp,375,384,[-24.365947936516235;155.81665076957077]
Order : lmp,375,384,[-23.958779126849105;167.81345544975284]
Order : lmp,375,384,[-23.59228273530677;179.92995475478065]
Order : lmp,375,384,[-22.99651225800045;191.97916250403944]
Order : lmp,375,384,[-22.784279983171075;203.92424630302614]
Order : lmp,375,384,[-22.286871279293422;215.787048983575]
Order : lmp,375,384,[-22.005326136884555;227.93211859969122]
Order : lmp,375,384,[-21.62972866330677;239.8686393662901]
Order : lmp,375,384,[-21.20974274855482;252.10308581377052]
Order : lmp,375,384,[-20.844022038907763;264.20694631304076]
Order : lmp,375,384,[-20.636196169071702;276.08979817106695]
Order : lmp,375,384,[-20.21469522069012;288.22386476522087]
Order : lmp,375,384,[-19.987931625662057;299.98221310385213]
Order : lmp,375,384,[-19.73684438426046;312.0638283331067]
Order : lmp,375,384,[-19.248056521083015;324.0803376320509]
Order : lmp,375,384,[-19.366194492736696;335.9922003564893]
Order : lmp,375,384,[-19.02045009900498;348.07867475765397]
Order : miso,375,384,[-0.5362153849339393;null]
ClearedTrade : 376,384,[0.5362153849339393;3.385554026761631]
Order : buyer,376,384,[37.2020867282315;-13.440106294375301]
Order : lmp,376,384,[-92.41883308111612;35.46086964052534]
Order : lmp,376,384,[-83.83308806079212;41.179561332523804]
Order : lmp,376,384,[-76.9988163477533;47.23958253550157]
Order : lmp,376,384,[-29.238408248878404;72.0227588947317]
Order : lmp,376,384,[-28.182240172612037;83.8877193404849]
Order : lmp,376,384,[-27.350285429633466;96.03474349980607]
Order : lmp,376,384,[-26.841576679639857;108.18225970216001]
Order : lmp,376,384,[-25.919188695274613;120.04852043663315]
Order : lmp,376,384,[-25.405366344286396;132.09181414066052]
Order : lmp,376,384,[-25.031787802493945;143.94381804975646]
Order : lmp,376,384,[-24.535363499461425;156.005503854575]
Order : lmp,376,384,[-23.96941169037159;167.85535125096348]
Order : lmp,376,384,[-23.47604271406513;180.12210234480577]
Order : lmp,376,384,[-23.25679816680948;192.1297612512374]
Order : lmp,376,384,[-22.695931276772914;204.225311700451]
Order : lmp,376,384,[-22.20917217695858;216.21041779635175]
Order : lmp,376,384,[-21.893361749057448;228.17345595023343]
Order : lmp,376,384,[-21.570027708407924;240.4815222319284]
Order : lmp,376,384,[-21.296478760942197;252.08512654886695]
Order : lmp,376,384,[-20.870862618095174;264.3940835110413]
Order : lmp,376,384,[-20.445481310640808;276.46640245003147]
Order : lmp,376,384,[-20.21392130320889;288.31319122323976]
Order : lmp,376,384,[-19.932079612893194;300.19637795195933]
Order : lmp,376,384,[-19.710304494145312;312.23771198793304]
Order : lmp,376,384,[-19.577494118529764;324.30142333927427]
Order : lmp,376,384,[-19.29955048347043;336.2255589092324]
Order : lmp,376,384,[-19.08348328627864;348.43123100702945]
Order : miso,376,384,[-0.13301709437087084;null]
ClearedTrade : 377,384,[0.13301709437087084;11.200088578646085]
Order : buyer,377,384,[53.46469466907339;-9.351965873831588]
Order : lmp,377,384,[-92.93132481548497;35.25972435542809]
Order : lmp,377,384,[-83.41314550195953;41.34630328489228]
Order : lmp,377,384,[-75.97470049654639;47.29173735597836]
Order : lmp,377,384,[-28.930188648379694;71.57956956886835]
Order : lmp,377,384,[-28.039752973260498;83.39446283045075]
Order : lmp,377,384,[-27.632440785028994;95.43675901725601]
Order : lmp,377,384,[-26.85290048448029;107.79316290158572]
Order : lmp,377,384,[-26.127817413505458;119.69855738046427]
Order : lmp,377,384,[-25.615648618526897;131.69776586279437]
Order : lmp,377,384,[-25.098657842249267;143.61858502337026]
Order : lmp,377,384,[-24.41944402915909;155.67168353929247]
Order : lmp,377,384,[-23.77642621127179;167.80719230205892]
Order : lmp,377,384,[-23.54589818212659;179.54464760753004]
Order : lmp,377,384,[-23.17004881725069;191.7493077914116]
Order : lmp,377,384,[-22.603982075372418;203.72829885340425]
Order : lmp,377,384,[-22.27996765357645;215.60245978409992]
Order : lmp,377,384,[-21.80929773607822;227.55773383215836]
Order : lmp,377,384,[-21.67241588604752;239.69120478655887]
Order : lmp,377,384,[-21.205189195400653;251.80688436284447]
Order : lmp,377,384,[-21.008020079269734;263.75298178414454]
Order : lmp,377,384,[-20.71326166480232;275.7724964147899]
Order : lmp,377,384,[-20.284084551687144;287.8605230227716]
Order : lmp,377,384,[-19.856159730687178;300.0508714030903]
Order : lmp,377,384,[-19.725976720572053;311.92772449240294]
Order : lmp,377,384,[-19.34075565474474;323.88589628517286]
Order : lmp,377,384,[-19.05378732780041;335.8144836982417]
Order : lmp,377,384,[-19.06340787996481;347.83522923553056]
Order : miso,377,384,[1.240536561809904;null]
ClearedTrade : 378,384,[1.240536561809904;42.31166922651371]
Order : buyer,378,384,[72.68877330357239;-6.8786413262448995]
Order : lmp,378,384,[-92.2590924084747;35.29872537215848]
Order : lmp,378,384,[-83.32784646343829;41.18144107365433]
Order : lmp,378,384,[-76.29662940559156;47.351983979854154]
Order : lmp,378,384,[-29.190434827073016;72.09000272102064]
Order : lmp,378,384,[-28.18013350592042;83.88301246724232]
Order : lmp,378,384,[-27.575756573168285;95.9308713113776]
Order : lmp,378,384,[-26.5266050919574;107.98004899826758]
Order : lmp,378,384,[-26.13216581640565;120.05512394546331]
Order : lmp,378,384,[-25.72188823656277;131.96363641377602]
Order : lmp,378,384,[-24.93036117863264;144.18895928384987]
Order : lmp,378,384,[-24.379788703992382;156.0697547954725]
Order : lmp,378,384,[-24.01885437343999;168.09651643627427]
Order : lmp,378,384,[-23.4886022944661;180.18590464547697]
Order : lmp,378,384,[-22.97942199017823;192.15065622445775]
Order : lmp,378,384,[-22.704695520434232;204.29865857429056]
Order : lmp,378,384,[-22.298916162707375;216.1373451470803]
Order : lmp,378,384,[-21.9447614730297;228.1794675896102]
Order : lmp,378,384,[-21.574137195799924;240.32976836929868]
Order : lmp,378,384,[-21.136092420430852;252.23191865770144]
Order : lmp,378,384,[-20.90528752327992;264.18685781741596]
Order : lmp,378,384,[-20.56568179936162;276.4069145865609]
Order : lmp,378,384,[-20.35657991688147;288.3878848469597]
Order : lmp,378,384,[-19.873500260416414;300.21763253109776]
Order : lmp,378,384,[-19.756030443405436;312.37055781450346]
Order : lmp,378,384,[-19.341526212004553;324.2847484906592]
Order : lmp,378,384,[-19.129330857975468;336.3795242495619]
Order : lmp,378,384,[-18.88317316023798;348.25761236261974]
Order : miso,378,384,[1.1007072909000044;null]
ClearedTrade : 379,384,[1.1007072909000044;42.358470446590175]
Order : buyer,379,384,[1246.6753757672216;-0.40106671690077533]
Order : lmp,379,384,[-93.19497448418537;35.390331745584774]
Order : lmp,379,384,[-83.79173826850813;41.67181669754057]
Order : lmp,379,384,[-76.3622236783191;47.52119588116886]
Order : lmp,379,384,[-29.129150627583826;73.14031991452501]
Order : lmp,379,384,[-27.804889450277372;85.17384338842724]
Order : lmp,379,384,[-27.44657578921659;96.92251065458396]
Order : lmp,379,384,[-26.50035913462109;109.05325594267276]
Order : lmp,379,384,[-25.99144606956735;121.02206998610436]
Order : lmp,379,384,[-25.502276074214652;132.84943653191996]
Order : lmp,379,384,[-24.815280009466356;144.8777005984406]
Order : lmp,379,384,[-24.316959329753047;156.84756076304905]
Order : lmp,379,384,[-23.8569731666049;168.86834657322817]
Order : lmp,379,384,[-23.876491948372568;180.8437885105795]
Order : lmp,379,384,[-22.78418780771032;192.95079359138626]
Order : lmp,379,384,[-22.632218019521744;204.95611032887368]
Order : lmp,379,384,[-22.198310642549238;217.05510127064485]
Order : lmp,379,384,[-21.961713605292566;228.97634344416178]
Order : lmp,379,384,[-21.418572789580956;240.9893318659654]
Order : lmp,379,384,[-21.13524370790052;252.92120160608837]
Order : lmp,379,384,[-20.851947309777312;264.7547694727735]
Order : lmp,379,384,[-20.69146731884088;276.9567248794377]
Order : lmp,379,384,[-20.177612489072402;288.8085143060603]
Order : lmp,379,384,[-19.905580872332255;300.92985659921766]
Order : lmp,379,384,[-19.874325170842486;313.00274736957743]
Order : lmp,379,384,[-19.400758778597865;325.062115761995]
Order : lmp,379,384,[-19.057952985219252;337.2213744261999]
Order : lmp,379,384,[-19.031040762352767;349.0416561842998]
Order : miso,379,384,[1.2230081010001186;null]
Order : Sample,379,384,[-0.8232846000000009;62.87012848288033]
ClearedTrade : 380,384,[1.2230081010001186;42.468398094701726]
Order : buyer,380,384,[144.8349506275364;-3.4522054092165977]
Order : lmp,380,384,[-93.67626200117365;35.71020307415898]
Order : lmp,380,384,[-83.4453499941897;41.53257519752966]
Order : lmp,380,384,[-75.93586503093186;47.482930347382066]
Order : lmp,380,384,[-28.72094876881692;73.36265216436341]
Order : lmp,380,384,[-28.101812423915998;85.41434100599403]
Order : lmp,380,384,[-27.48121859845177;97.19494299327373]
Order : lmp,380,384,[-26.873540903571737;109.35706542596675]
Order : lmp,380,384,[-26.048226595061067;121.37843936403739]
Order : lmp,380,384,[-25.556886590242186;133.33617644518026]
Order : lmp,380,384,[-25.003007484512327;145.63590257729973]
Order : lmp,380,384,[-24.198408724235385;157.3903725539191]
Order : lmp,380,384,[-24.055421176017557;169.476116747783]
Order : lmp,380,384,[-23.361609915233934;181.50606013303906]
Order : lmp,380,384,[-22.834020575707843;193.5761338553837]
Order : lmp,380,384,[-22.690239940087434;205.3537706260776]
Order : lmp,380,384,[-22.44202650647413;217.60027065478826]
Order : lmp,380,384,[-21.703403393215314;229.53280386214377]
Order : lmp,380,384,[-21.35613074555874;241.60821180979636]
Order : lmp,380,384,[-21.190854798747395;253.42421284723457]
Order : lmp,380,384,[-20.787708235951154;265.2410196087682]
Order : lmp,380,384,[-20.335706179489584;277.3652662151313]
Order : lmp,380,384,[-20.266418399239328;289.43356149669734]
Order : lmp,380,384,[-19.95712834033028;301.51800396353826]
Order : lmp,380,384,[-19.70343103219554;313.4021820210113]
Order : lmp,380,384,[-19.27895082074311;325.57940892089664]
Order : lmp,380,384,[-19.29128100811391;337.3733536659853]
Order : lmp,380,384,[-18.731463467858116;349.357124722539]
Order : miso,380,384,[0.5258978899998965;null]
Order : Sample,380,384,[-0.8232846000000009;23.581110368428135]
ClearedTrade : 381,384,[0.5258978899998965;28.29733244211376]
Order : buyer,381,384,[52.78467739950152;-9.472445880757089]
Order : lmp,381,384,[-92.69167365448723;35.67413617529214]
Order : lmp,381,384,[-83.35690768934353;41.37118660857242]
Order : lmp,381,384,[-76.97130416489397;47.77340905781897]
Order : lmp,381,384,[-29.167608802253763;73.30875905564324]
Order : lmp,381,384,[-28.156800297421793;85.36069871587718]
Order : lmp,381,384,[-27.447625451987367;97.48203944250656]
Order : lmp,381,384,[-26.824974790999313;109.49658314827265]
Order : lmp,381,384,[-25.983919556687248;121.67475929808168]
Order : lmp,381,384,[-25.479312520099636;133.71981624759536]
Order : lmp,381,384,[-24.918544585526238;145.58157217699377]
Order : lmp,381,384,[-24.334377452134017;157.82775923556363]
Order : lmp,381,384,[-23.78263677221695;169.775092126929]
Order : lmp,381,384,[-23.517576698347437;181.614526670085]
Order : lmp,381,384,[-22.94839290397354;193.67402120266988]
Order : lmp,381,384,[-22.561076425791548;205.53239313035948]
Order : lmp,381,384,[-22.43600204392395;217.67834215146513]
Order : lmp,381,384,[-21.737406804097603;229.75201676114878]
Order : lmp,381,384,[-21.186201884688636;241.67166395083814]
Order : lmp,381,384,[-20.96385958194879;253.4740968058568]
Order : lmp,381,384,[-20.812652583368536;265.39325869395105]
Order : lmp,381,384,[-20.556377722922626;277.482955756011]
Order : lmp,381,384,[-20.28854078639141;289.48535628785703]
Order : lmp,381,384,[-19.737189399525562;301.5917426058831]
Order : lmp,381,384,[-19.80154168846881;313.3978494137919]
Order : lmp,381,384,[-19.43986207484107;325.3813581625646]
Order : lmp,381,384,[-19.269805649835547;337.57241825913945]
Order : lmp,381,384,[-18.88983834828413;349.5180746379782]
Order : miso,381,384,[-0.06355789999997796;null]
Order : Sample,381,384,[-0.2973867100001044;10.563425510908214]
ClearedTrade : 382,384,[0.06355789999997796;7.893704900630908]
Order : buyer,382,384,[71.38558607437602;-7.004215101337885]
Order : lmp,382,384,[-92.75199809267453;35.452481905967296]
Order : lmp,382,384,[-83.46969040223861;41.50649319910794]
Order : lmp,382,384,[-75.9339219536909;47.49006615529083]
Order : lmp,382,384,[-28.853832679002558;73.26175592840637]
Order : lmp,382,384,[-28.05055205945944;84.83179340034951]
Order : lmp,382,384,[-27.324965125419887;97.01449530831671]
Order : lmp,382,384,[-26.59728425032546;109.02384688718938]
Order : lmp,382,384,[-25.969648787320057;120.89217302529552]
Order : lmp,382,384,[-25.276196138258257;132.9464090001584]
Order : lmp,382,384,[-24.952142414856898;144.74958728168704]
Order : lmp,382,384,[-24.319931981114518;156.75952076035122]
Order : lmp,382,384,[-24.183403934507716;168.75020487231095]
Order : lmp,382,384,[-23.533484190851713;180.88531927375644]
Order : lmp,382,384,[-22.903688985862107;192.7585312014664]
Order : lmp,382,384,[-22.62968967219113;204.8297484773019]
Order : lmp,382,384,[-22.18835704362194;216.88533991819122]
Order : lmp,382,384,[-21.95560088594329;228.8913863184304]
Order : lmp,382,384,[-21.560431321383803;240.84692255460502]
Order : lmp,382,384,[-21.159996857383593;252.90722619816302]
Order : lmp,382,384,[-20.977066743786526;265.02327813291805]
Order : lmp,382,384,[-20.32727604979916;277.06146145878193]
Order : lmp,382,384,[-20.18805639447235;289.03627370108165]
Order : lmp,382,384,[-19.846266636990237;300.82950321104096]
Order : lmp,382,384,[-19.624262817892255;312.9196247699015]
Order : lmp,382,384,[-19.508669057333503;324.76935057129145]
Order : lmp,382,384,[-19.268841941708263;336.83934506500265]
Order : lmp,382,384,[-18.92263941718507;348.8962928458102]
Order : miso,382,384,[0.5772690000000011;null]
Order : Sample,382,384,[-0.2973867100001044;0.5]
ClearedTrade : 383,384,[0.5772690000000011;42.54297828716076]
Order : buyer,383,384,[440.11713828753966;-1.1360611903127875]
Order : lmp,383,384,[-92.93686937535884;35.591861209574006]
Order : lmp,383,384,[-83.46019813210233;41.50950378132501]
Order : lmp,383,384,[-76.03061627930063;47.42674329386478]
Order : lmp,383,384,[-28.806269524917596;73.37891513577053]
Order : lmp,383,384,[-28.057290922931376;85.20743366960093]
Order : lmp,383,384,[-27.309003329338456;97.16778256233098]
Order : lmp,383,384,[-26.67940546407285;109.17957863557582]
Order : lmp,383,384,[-26.16453493618091;121.18707185570885]
Order : lmp,383,384,[-25.359268361042904;133.09168966965746]
Order : lmp,383,384,[-24.91334306015156;145.04312435209062]
Order : lmp,383,384,[-24.5883123622555;157.09675785172797]
Order : lmp,383,384,[-23.7096664319863;169.40924955277436]
Order : lmp,383,384,[-23.467675371861628;181.15047862450137]
Order : lmp,383,384,[-23.05236147888723;193.11441122013798]
Order : lmp,383,384,[-22.70518623522027;205.3153650755529]
Order : lmp,383,384,[-22.128379116889096;217.25301277606673]
Order : lmp,383,384,[-21.744382710725375;229.3021000981565]
Order : lmp,383,384,[-21.29782725584805;241.26618930370424]
Order : lmp,383,384,[-21.15958280985841;253.12983076531327]
Order : lmp,383,384,[-20.817311931684124;265.05924987933463]
Order : lmp,383,384,[-20.535534056765375;276.96220086318976]
Order : lmp,383,384,[-20.226680890790366;289.1221860172775]
Order : lmp,383,384,[-20.074654546792175;301.0790606691539]
Order : lmp,383,384,[-19.678929761230698;313.0868441187267]
Order : lmp,383,384,[-19.48102662600356;325.15414205706026]
Order : lmp,383,384,[-19.08120252725337;337.15787929713696]
Order : lmp,383,384,[-18.8304787583593;349.2183465529666]
Order : miso,383,384,[1.4744099999999207;null]
